{
  "model": "ebm",
  "granularity": "W",
  "feature_importances": {
    "lag_1": 91140.82687722082,
    "lag_52": 78933.3542764223,
    "roll_4_mean": 71488.59035820913,
    "gen_solar": 70386.8854719997,
    "temp": 62020.87371340105,
    "lag_4": 58451.122126912785,
    "humidity": 42521.056710617624,
    "quarter": 35917.85344654385,
    "has_holiday": 29435.938807433373,
    "month": 29197.64928074931,
    "week_of_year": 27979.053823712235,
    "carbon_intensity": 21230.787057567864,
    "wind_speed": 15656.918989147833,
    "gen_gas": 5994.12604720176,
    "gen_nuclear": 4553.879638163396,
    "gen_wind": 2533.297562784179
  },
  "features": [
    "week_of_year",
    "month",
    "quarter",
    "has_holiday",
    "lag_1",
    "lag_4",
    "lag_52",
    "roll_4_mean",
    "temp",
    "humidity",
    "wind_speed",
    "carbon_intensity",
    "gen_gas",
    "gen_wind",
    "gen_solar",
    "gen_nuclear"
  ],
  "feature_ranges": {
    "week_of_year": {
      "min": 1.0,
      "max": 53.0,
      "mean": 25.899193548387096,
      "median": 26.0
    },
    "month": {
      "min": 1.0,
      "max": 12.0,
      "mean": 6.290322580645161,
      "median": 6.0
    },
    "quarter": {
      "min": 1.0,
      "max": 4.0,
      "mean": 2.435483870967742,
      "median": 2.0
    },
    "has_holiday": {
      "min": 0.0,
      "max": 3.0,
      "mean": 0.14516129032258066,
      "median": 0.0
    },
    "lag_1": {
      "min": 3436488.0,
      "max": 5957726.0,
      "mean": 4499102.316532258,
      "median": 4351933.5
    },
    "lag_4": {
      "min": 3436488.0,
      "max": 5957726.0,
      "mean": 4514886.086693549,
      "median": 4372986.75
    },
    "lag_52": {
      "min": 3436488.0,
      "max": 6274772.0,
      "mean": 4606511.64717742,
      "median": 4437368.75
    },
    "roll_4_mean": {
      "min": 3600808.75,
      "max": 5727688.75,
      "mean": 4505715.646169355,
      "median": 4356489.8125
    },
    "temp": {
      "min": -0.6148809523809524,
      "max": 22.655952380952378,
      "mean": 10.419816544905581,
      "median": 10.113392857142857
    },
    "humidity": {
      "min": 51.041666666666664,
      "max": 95.35119047619048,
      "mean": 80.5332905617337,
      "median": 80.49404761904762
    },
    "wind_speed": {
      "min": 7.127976190476191,
      "max": 27.419047619047618,
      "mean": 15.452820424818565,
      "median": 14.808035714285714
    },
    "carbon_intensity": {
      "min": 55.473214285714285,
      "max": 276.1488095238095,
      "mean": 166.7103202149848,
      "median": 165.98958333333331
    },
    "gen_gas": {
      "min": 8.989583333333334,
      "max": 59.43244047619047,
      "mean": 34.554555232852266,
      "median": 34.37440476190476
    },
    "gen_wind": {
      "min": 4.859226190476191,
      "max": 57.12291666666666,
      "mean": 26.122323972446814,
      "median": 25.491666666666667
    },
    "gen_solar": {
      "min": 0.3904761904761904,
      "max": 11.014285714285714,
      "mean": 4.231363806085985,
      "median": 4.3419001283147995
    },
    "gen_nuclear": {
      "min": 6.791964285714285,
      "max": 23.67886904761905,
      "mean": 16.606308451645095,
      "median": 16.62589285714286
    }
  }
}