{
  "model": "ebm",
  "granularity": "M",
  "feature_importances": {
    "lag_12": 481385.1976441388,
    "humidity": 388865.3991468037,
    "gen_solar": 360252.49085759843,
    "lag_1": 284474.43199761934,
    "quarter": 251389.88133538052,
    "month": 214238.92504371377,
    "gen_nuclear": 185547.54679315706,
    "wind_speed": 168741.14301257313,
    "roll_12_mean": 122252.71192279829,
    "carbon_intensity": 109528.58587264175,
    "temp": 96678.87876541114,
    "roll_3_mean": 86194.90029160165,
    "gen_gas": 61940.67859884446,
    "gen_wind": 46378.19941073528
  },
  "features": [
    "month",
    "quarter",
    "lag_1",
    "lag_12",
    "roll_3_mean",
    "roll_12_mean",
    "temp",
    "humidity",
    "wind_speed",
    "carbon_intensity",
    "gen_gas",
    "gen_wind",
    "gen_solar",
    "gen_nuclear"
  ],
  "feature_ranges": {
    "month": {
      "min": 1.0,
      "max": 12.0,
      "mean": 6.7611940298507465,
      "median": 7.0
    },
    "quarter": {
      "min": 1.0,
      "max": 4.0,
      "mean": 2.582089552238806,
      "median": 3.0
    },
    "lag_1": {
      "min": 16078498.5,
      "max": 26366282.5,
      "mean": 20157580.447761193,
      "median": 19734046.0
    },
    "lag_12": {
      "min": 16078498.5,
      "max": 26366282.5,
      "mean": 20778026.06716418,
      "median": 20150293.5
    },
    "roll_3_mean": {
      "min": 16318105.666666666,
      "max": 24858757.166666668,
      "mean": 20192477.671641793,
      "median": 19946686.0
    },
    "roll_12_mean": {
      "min": 18962432.416666668,
      "max": 22292416.291666668,
      "mean": 20588007.59950249,
      "median": 20548051.333333332
    },
    "temp": {
      "min": 2.7881720430107526,
      "max": 19.256720430107528,
      "mean": 10.52883566875613,
      "median": 9.751527777777778
    },
    "humidity": {
      "min": 63.17338709677419,
      "max": 92.2375,
      "mean": 80.45134310069069,
      "median": 79.62584118438762
    },
    "wind_speed": {
      "min": 10.83736559139785,
      "max": 24.162499999999998,
      "mean": 15.23635578384013,
      "median": 14.935
    },
    "carbon_intensity": {
      "min": 126.57142857142857,
      "max": 280.75470430107526,
      "mean": 190.3694491908215,
      "median": 184.68010752688173
    },
    "gen_gas": {
      "min": 20.81889880952381,
      "max": 49.70396505376344,
      "mean": 37.56199302668784,
      "median": 37.50302826379542
    },
    "gen_wind": {
      "min": 8.368682795698925,
      "max": 41.92619047619048,
      "mean": 22.534094401713272,
      "median": 21.34005376344086
    },
    "gen_solar": {
      "min": 0.5996639784946236,
      "max": 9.134408602150538,
      "mean": 4.006491481469231,
      "median": 4.075694444444444
    },
    "gen_nuclear": {
      "min": 11.400967261904762,
      "max": 25.421505376344083,
      "mean": 18.015023820783554,
      "median": 17.79037356321839
    }
  }
}