{
  "model": "ebm",
  "granularity": "M",
  "feature_importances": {
    "humidity": 610753.0976672707,
    "lag_12": 540204.2775056631,
    "lag_1": 438606.98898193584,
    "gen_solar": 413709.0898653767,
    "quarter": 334385.3934315073,
    "month": 246684.9351958046,
    "roll_3_mean": 245303.26004244282,
    "carbon_intensity": 210768.15701939297,
    "gen_wind": 155210.29759389363,
    "roll_12_mean": 123220.32282596274,
    "gen_nuclear": 114689.01320402925,
    "gen_gas": 92577.72416848225,
    "wind_speed": 65668.53711184673
  },
  "features": [
    "month",
    "quarter",
    "lag_1",
    "lag_12",
    "roll_3_mean",
    "roll_12_mean",
    "humidity",
    "wind_speed",
    "carbon_intensity",
    "gen_gas",
    "gen_wind",
    "gen_solar",
    "gen_nuclear"
  ],
  "feature_ranges": {
    "month": {
      "min": 1.0,
      "max": 12.0,
      "mean": 6.5,
      "median": 6.5
    },
    "quarter": {
      "min": 1.0,
      "max": 4.0,
      "mean": 2.5,
      "median": 2.5
    },
    "lag_1": {
      "min": 16078498.5,
      "max": 27565505.0,
      "mean": 20985254.072916668,
      "median": 20465648.75
    },
    "lag_12": {
      "min": 16078498.5,
      "max": 27565505.0,
      "mean": 21500155.25,
      "median": 21399642.0
    },
    "roll_3_mean": {
      "min": 16318105.666666666,
      "max": 26302600.5,
      "mean": 21025862.795138888,
      "median": 20484131.416666664
    },
    "roll_12_mean": {
      "min": 18962432.416666668,
      "max": 23400082.708333332,
      "mean": 21239370.070746526,
      "median": 21401630.020833336
    },
    "humidity": {
      "min": 47001.0,
      "max": 68702.0,
      "mean": 59150.739583333336,
      "median": 58138.0
    },
    "wind_speed": {
      "min": 7786.6,
      "max": 16817.1,
      "mean": 11151.909374999997,
      "median": 10815.15
    },
    "carbon_intensity": {
      "min": 85056.0,
      "max": 236737.0,
      "mean": 134594.546875,
      "median": 127696.75
    },
    "gen_gas": {
      "min": 13990.3,
      "max": 36979.75,
      "mean": 26174.60885416667,
      "median": 25717.75
    },
    "gen_wind": {
      "min": 6226.3,
      "max": 31702.05,
      "mean": 15281.893229166666,
      "median": 13717.525
    },
    "gen_solar": {
      "min": 0.0,
      "max": 6796.0,
      "mean": 2035.3890625000004,
      "median": 1410.0500000000002
    },
    "gen_nuclear": {
      "min": 7661.45,
      "max": 22171.2,
      "mean": 15663.618229166668,
      "median": 14152.6
    }
  }
}