{
  "model": "ebm",
  "granularity": "D",
  "feature_importances": {
    "is_weekend": 18239.36262554185,
    "lag_1": 17072.791320641303,
    "temp": 14931.131041762552,
    "roll_7_mean": 12663.798040253067,
    "dow": 10726.916501196725,
    "day_of_year": 8038.259276822842,
    "temp_roll_7": 7435.620609481995,
    "roll_30_mean": 6276.487685049031,
    "gen_solar": 5260.731328937772,
    "month": 5148.593086855951,
    "lag_7": 4933.287918341837,
    "carbon_intensity": 3299.882702572124,
    "is_holiday": 3032.4755296885305,
    "wind_speed": 2347.6998547303438,
    "temp_lag_7": 2114.787798246107,
    "gen_gas": 2101.733567678732,
    "humidity": 2015.474495796002,
    "gen_nuclear": 1668.7682531658556,
    "gen_wind": 1461.429494990412
  },
  "features": [
    "dow",
    "month",
    "day_of_year",
    "is_weekend",
    "is_holiday",
    "lag_1",
    "lag_7",
    "roll_7_mean",
    "roll_30_mean",
    "temp",
    "temp_lag_7",
    "temp_roll_7",
    "humidity",
    "wind_speed",
    "carbon_intensity",
    "gen_gas",
    "gen_wind",
    "gen_solar",
    "gen_nuclear"
  ],
  "feature_ranges": {
    "dow": {
      "min": 0.0,
      "max": 6.0,
      "mean": 2.994186046511628,
      "median": 3.0
    },
    "month": {
      "min": 1.0,
      "max": 12.0,
      "mean": 6.538759689922481,
      "median": 7.0
    },
    "day_of_year": {
      "min": 1.0,
      "max": 365.0,
      "mean": 183.57364341085272,
      "median": 184.0
    },
    "is_weekend": {
      "min": 0.0,
      "max": 1.0,
      "mean": 0.28391472868217055,
      "median": 0.0
    },
    "is_holiday": {
      "min": 0.0,
      "max": 1.0,
      "mean": 0.01937984496124031,
      "median": 0.0
    },
    "lag_1": {
      "min": 425153.5,
      "max": 902092.5,
      "mean": 624809.0397286821,
      "median": 606613.5
    },
    "lag_7": {
      "min": 425153.5,
      "max": 902092.5,
      "mean": 624945.4539728683,
      "median": 606613.5
    },
    "roll_7_mean": {
      "min": 496420.21428571426,
      "max": 862878.2857142857,
      "mean": 624799.7615586933,
      "median": 601959.1785714285
    },
    "roll_30_mean": {
      "min": 517741.9,
      "max": 803407.6,
      "mean": 625580.0900355297,
      "median": 604119.2166666667
    },
    "temp": {
      "min": -3.1166666666666667,
      "max": 28.03333333333333,
      "mean": 10.79798126614987,
      "median": 10.885416666666668
    },
    "temp_lag_7": {
      "min": -3.1166666666666667,
      "max": 28.03333333333333,
      "mean": 10.797726905684753,
      "median": 10.879166666666666
    },
    "temp_roll_7": {
      "min": -2.1761904761904765,
      "max": 22.65595238095238,
      "mean": 10.798087393872278,
      "median": 10.85029761904762
    },
    "humidity": {
      "min": 33.458333333333336,
      "max": 98.08333333333333,
      "mean": 80.62104328165375,
      "median": 81.04166666666667
    },
    "wind_speed": {
      "min": 3.6166666666666667,
      "max": 37.1625,
      "mean": 15.32566618217054,
      "median": 14.754166666666668
    },
    "carbon_intensity": {
      "min": 38.208333333333336,
      "max": 292.4166666666667,
      "mean": 153.04774305555554,
      "median": 150.38541666666669
    },
    "gen_gas": {
      "min": 6.3,
      "max": 63.106249999999996,
      "mean": 32.59692748708011,
      "median": 32.08229166666666
    },
    "gen_wind": {
      "min": 2.1645833333333333,
      "max": 62.67916666666667,
      "mean": 29.311520914082685,
      "median": 27.69895833333333
    },
    "gen_solar": {
      "min": 0.0,
      "max": 13.791666666666666,
      "mean": 4.416238695090439,
      "median": 4.073958333333334
    },
    "gen_nuclear": {
      "min": 6.202083333333333,
      "max": 25.077083333333334,
      "mean": 15.640558381782945,
      "median": 15.597916666666666
    }
  }
}