{
  "model": "ebm",
  "granularity": "D",
  "feature_importances": {
    "gen_solar": 21852.87704978125,
    "is_weekend": 16635.855755278943,
    "temp": 13651.462663286899,
    "gen_wind": 12439.689739352312,
    "lag_1": 12206.94197311925,
    "roll_7_mean": 12140.857634097212,
    "dow": 9407.455020299407,
    "roll_30_mean": 7859.475177060196,
    "gen_gas": 6548.585115605162,
    "wind_speed": 6026.329112006013,
    "lag_7": 5316.192020456822,
    "day_of_year": 5185.7922223686055,
    "temp_roll_7": 4873.640869077479,
    "carbon_intensity": 4456.86955430799,
    "month": 4320.870699826306,
    "is_holiday": 2460.5293690357053,
    "temp_lag_7": 2214.321064228917,
    "humidity": 1479.3570628481382,
    "gen_nuclear": 851.2968960729869
  },
  "features": [
    "dow",
    "month",
    "day_of_year",
    "is_weekend",
    "is_holiday",
    "lag_1",
    "lag_7",
    "roll_7_mean",
    "roll_30_mean",
    "temp",
    "temp_lag_7",
    "temp_roll_7",
    "humidity",
    "wind_speed",
    "carbon_intensity",
    "gen_gas",
    "gen_wind",
    "gen_solar",
    "gen_nuclear"
  ],
  "feature_ranges": {
    "dow": {
      "min": 0.0,
      "max": 6.0,
      "mean": 2.994186046511628,
      "median": 3.0
    },
    "month": {
      "min": 1.0,
      "max": 12.0,
      "mean": 6.538759689922481,
      "median": 7.0
    },
    "day_of_year": {
      "min": 1.0,
      "max": 365.0,
      "mean": 183.57364341085272,
      "median": 184.0
    },
    "is_weekend": {
      "min": 0.0,
      "max": 1.0,
      "mean": 0.28391472868217055,
      "median": 0.0
    },
    "is_holiday": {
      "min": 0.0,
      "max": 1.0,
      "mean": 0.01937984496124031,
      "median": 0.0
    },
    "lag_1": {
      "min": 425153.5,
      "max": 902092.5,
      "mean": 624809.0397286821,
      "median": 606613.5
    },
    "lag_7": {
      "min": 425153.5,
      "max": 902092.5,
      "mean": 624945.4539728683,
      "median": 606613.5
    },
    "roll_7_mean": {
      "min": 496420.21428571426,
      "max": 862878.2857142857,
      "mean": 624799.7615586933,
      "median": 601959.1785714285
    },
    "roll_30_mean": {
      "min": 517741.9,
      "max": 803407.6,
      "mean": 625580.0900355297,
      "median": 604119.2166666667
    },
    "temp": {
      "min": -74.8,
      "max": 672.8,
      "mean": 259.15155038759684,
      "median": 261.25
    },
    "temp_lag_7": {
      "min": -74.8,
      "max": 672.8,
      "mean": 259.1454457364341,
      "median": 261.1
    },
    "temp_roll_7": {
      "min": -52.22857142857142,
      "max": 543.7428571428571,
      "mean": 259.1540974529347,
      "median": 260.40714285714284
    },
    "humidity": {
      "min": 803.0,
      "max": 2354.0,
      "mean": 1935.3701550387598,
      "median": 1945.5
    },
    "wind_speed": {
      "min": 86.8,
      "max": 891.9,
      "mean": 367.62015503875966,
      "median": 354.1
    },
    "carbon_intensity": {
      "min": 917.0,
      "max": 7018.0,
      "mean": 3672.3464147286822,
      "median": 3609.25
    },
    "gen_gas": {
      "min": 151.2,
      "max": 1514.55,
      "mean": 782.2218023255814,
      "median": 769.975
    },
    "gen_wind": {
      "min": 51.95,
      "max": 1504.3,
      "mean": 703.6646802325581,
      "median": 664.775
    },
    "gen_solar": {
      "min": 0.0,
      "max": 331.0,
      "mean": 105.96913759689923,
      "median": 97.775
    },
    "gen_nuclear": {
      "min": 148.85,
      "max": 601.85,
      "mean": 375.25373062015507,
      "median": 374.35
    }
  }
}