{
  "model": "ebm",
  "granularity": "H",
  "feature_importances": {
    "lag_1": 3188.402323556877,
    "hour": 1375.7401028287409,
    "gen_solar": 909.4667953196008,
    "lag_168": 324.61836545628057,
    "carbon_intensity": 316.4537954453556,
    "lag_24": 303.8105201527019,
    "solar_rad": 274.3794594266109,
    "gen_nuclear": 191.80138691719137,
    "dow": 142.9905391577369,
    "roll_24_mean": 141.946314207825,
    "solar_rad_lag_24": 128.6061883624183,
    "humidity": 128.26216510235434,
    "temp": 103.54987519803039,
    "gen_gas": 97.63144835079976,
    "gen_wind": 85.39702110486475,
    "temp_lag_24": 68.53048924414297,
    "direct_rad": 62.78020682183861,
    "month": 58.43812351648925,
    "wind_speed": 46.59876527260809,
    "is_holiday": 9.871802927420633
  },
  "features": [
    "hour",
    "dow",
    "month",
    "is_holiday",
    "lag_1",
    "lag_24",
    "lag_168",
    "roll_24_mean",
    "temp",
    "temp_lag_24",
    "humidity",
    "wind_speed",
    "solar_rad",
    "solar_rad_lag_24",
    "direct_rad",
    "carbon_intensity",
    "gen_gas",
    "gen_wind",
    "gen_solar",
    "gen_nuclear"
  ],
  "feature_ranges": {
    "hour": {
      "min": 0.0,
      "max": 23.0,
      "mean": 11.5,
      "median": 11.5
    },
    "dow": {
      "min": 0.0,
      "max": 6.0,
      "mean": 2.9935897435897436,
      "median": 3.0
    },
    "month": {
      "min": 1.0,
      "max": 12.0,
      "mean": 6.529677113010447,
      "median": 7.0
    },
    "is_holiday": {
      "min": 0.0,
      "max": 1.0,
      "mean": 0.008547008547008548,
      "median": 0.0
    },
    "lag_1": {
      "min": 15083.5,
      "max": 45095.5,
      "mean": 26185.99810066477,
      "median": 25251.0
    },
    "lag_24": {
      "min": 15083.5,
      "max": 45095.5,
      "mean": 26207.264423076922,
      "median": 25259.75
    },
    "lag_168": {
      "min": 15083.5,
      "max": 45095.5,
      "mean": 26230.64322174739,
      "median": 25274.0
    },
    "roll_24_mean": {
      "min": 18079.333333333332,
      "max": 37184.604166666664,
      "mean": 26199.055426954736,
      "median": 25550.927083333336
    },
    "temp": {
      "min": -5.2,
      "max": 27.6,
      "mean": 10.559674738841405,
      "median": 10.5
    },
    "temp_lag_24": {
      "min": -5.2,
      "max": 27.6,
      "mean": 10.534235517568852,
      "median": 10.5
    },
    "humidity": {
      "min": 41.0,
      "max": 100.0,
      "mean": 81.91809116809117,
      "median": 85.0
    },
    "wind_speed": {
      "min": 0.4,
      "max": 49.5,
      "mean": 15.272459639126305,
      "median": 14.5
    },
    "solar_rad": {
      "min": 0.0,
      "max": 876.0,
      "mean": 117.45322886989554,
      "median": 7.0
    },
    "solar_rad_lag_24": {
      "min": 0.0,
      "max": 876.0,
      "mean": 117.48231244064577,
      "median": 7.0
    },
    "direct_rad": {
      "min": 0.0,
      "max": 774.0,
      "mean": 58.02635327635328,
      "median": 0.0
    },
    "carbon_intensity": {
      "min": 19.5,
      "max": 298.0,
      "mean": 124.46883903133903,
      "median": 115.75
    },
    "gen_gas": {
      "min": 2.0,
      "max": 73.35,
      "mean": 26.252427587844256,
      "median": 23.9
    },
    "gen_wind": {
      "min": 1.55,
      "max": 71.65,
      "mean": 31.10781101614435,
      "median": 29.3
    },
    "gen_solar": {
      "min": 0.0,
      "max": 40.9,
      "mean": 4.8009971509971505,
      "median": 0.25
    },
    "gen_nuclear": {
      "min": 4.949999999999999,
      "max": 52.45,
      "mean": 15.320762108262109,
      "median": 15.2
    }
  }
}