{
  "model": "ebm",
  "granularity": "H",
  "feature_importances": {
    "lag_1": 3589.1149987319104,
    "hour": 1193.5769687408026,
    "lag_168": 726.1326658344566,
    "gen_solar": 670.9665118453781,
    "lag_24": 568.9555573537267,
    "roll_24_mean": 282.5168382571646,
    "temp": 206.83880431584677,
    "carbon_intensity": 176.9483271562398,
    "solar_rad": 173.47666723445997,
    "gen_wind": 160.9627971865456,
    "gen_nuclear": 159.7164761092715,
    "gen_gas": 158.22820551472955,
    "dow": 155.6637509469883,
    "humidity": 103.34880212163016,
    "direct_rad": 101.40659116754125,
    "temp_lag_24": 86.62945639507264,
    "solar_rad_lag_24": 86.12378470991625,
    "month": 56.74848486933985,
    "wind_speed": 49.734646374803404,
    "is_holiday": 0.0
  },
  "features": [
    "hour",
    "dow",
    "month",
    "is_holiday",
    "lag_1",
    "lag_24",
    "lag_168",
    "roll_24_mean",
    "temp",
    "temp_lag_24",
    "humidity",
    "wind_speed",
    "solar_rad",
    "solar_rad_lag_24",
    "direct_rad",
    "carbon_intensity",
    "gen_gas",
    "gen_wind",
    "gen_solar",
    "gen_nuclear"
  ],
  "feature_ranges": {
    "hour": {
      "min": 0.0,
      "max": 23.0,
      "mean": 11.5,
      "median": 11.5
    },
    "dow": {
      "min": 0.0,
      "max": 6.0,
      "mean": 3.013157894736842,
      "median": 3.0
    },
    "month": {
      "min": 10.0,
      "max": 12.0,
      "mean": 11.026315789473685,
      "median": 11.0
    },
    "is_holiday": {
      "min": 0.0,
      "max": 0.0,
      "mean": 0.0,
      "median": 0.0
    },
    "lag_1": {
      "min": 16284.5,
      "max": 43593.0,
      "mean": 29580.314967105263,
      "median": 30008.25
    },
    "lag_24": {
      "min": 16284.5,
      "max": 43593.0,
      "mean": 29568.44298245614,
      "median": 29944.75
    },
    "lag_168": {
      "min": 16284.5,
      "max": 43593.0,
      "mean": 29281.400219298244,
      "median": 29444.5
    },
    "roll_24_mean": {
      "min": 22488.5625,
      "max": 36042.333333333336,
      "mean": 29575.90397706506,
      "median": 29281.666666666664
    },
    "temp": {
      "min": -2.0,
      "max": 17.4,
      "mean": 7.951315789473684,
      "median": 8.2
    },
    "temp_lag_24": {
      "min": -2.0,
      "max": 17.4,
      "mean": 7.9650219298245615,
      "median": 8.2
    },
    "humidity": {
      "min": 57.0,
      "max": 100.0,
      "mean": 87.84813596491227,
      "median": 90.0
    },
    "wind_speed": {
      "min": 0.6,
      "max": 42.9,
      "mean": 14.046710526315788,
      "median": 12.8
    },
    "solar_rad": {
      "min": 0.0,
      "max": 489.0,
      "mean": 39.14638157894737,
      "median": 0.0
    },
    "solar_rad_lag_24": {
      "min": 0.0,
      "max": 489.0,
      "mean": 39.7922149122807,
      "median": 0.0
    },
    "direct_rad": {
      "min": 0.0,
      "max": 411.0,
      "mean": 16.11622807017544,
      "median": 0.0
    },
    "carbon_intensity": {
      "min": 32.5,
      "max": 298.0,
      "mean": 150.95065789473685,
      "median": 152.0
    },
    "gen_gas": {
      "min": 5.6,
      "max": 73.35,
      "mean": 33.25342653508772,
      "median": 32.85
    },
    "gen_wind": {
      "min": 2.8499999999999996,
      "max": 71.65,
      "mean": 33.31123903508772,
      "median": 31.625
    },
    "gen_solar": {
      "min": 0.0,
      "max": 22.950000000000003,
      "mean": 1.6361293859649124,
      "median": 0.05
    },
    "gen_nuclear": {
      "min": 5.45,
      "max": 21.4,
      "mean": 12.56546052631579,
      "median": 12.2
    }
  }
}