{
  "model": "ebm",
  "granularity": "H",
  "feature_importances": {
    "lag_1": 3492.005867616399,
    "hour": 1390.1634181816808,
    "gen_solar": 930.4056830586036,
    "lag_168": 423.6850657518812,
    "lag_24": 331.63916096767014,
    "solar_rad": 294.19298465601906,
    "carbon_intensity": 246.7027202877353,
    "gen_nuclear": 176.10572740137968,
    "roll_24_mean": 150.61584039349086,
    "humidity": 149.72863113935907,
    "dow": 144.97800753704274,
    "temp": 144.6514247946224,
    "solar_rad_lag_24": 104.70802421827146,
    "gen_wind": 104.4571830371291,
    "month": 63.29536700766275,
    "gen_gas": 55.16640048113948,
    "temp_lag_24": 54.5079717545233,
    "wind_speed": 50.84996927926205,
    "direct_rad": 49.50100689224238,
    "is_holiday": 7.867088236304677
  },
  "features": [
    "hour",
    "dow",
    "month",
    "is_holiday",
    "lag_1",
    "lag_24",
    "lag_168",
    "roll_24_mean",
    "temp",
    "temp_lag_24",
    "humidity",
    "wind_speed",
    "solar_rad",
    "solar_rad_lag_24",
    "direct_rad",
    "carbon_intensity",
    "gen_gas",
    "gen_wind",
    "gen_solar",
    "gen_nuclear"
  ],
  "feature_ranges": {
    "hour": {
      "min": 0.0,
      "max": 23.0,
      "mean": 11.5,
      "median": 11.5
    },
    "dow": {
      "min": 0.0,
      "max": 6.0,
      "mean": 2.9935897435897436,
      "median": 3.0
    },
    "month": {
      "min": 1.0,
      "max": 12.0,
      "mean": 6.529677113010447,
      "median": 7.0
    },
    "is_holiday": {
      "min": 0.0,
      "max": 1.0,
      "mean": 0.008547008547008548,
      "median": 0.0
    },
    "lag_1": {
      "min": 15083.5,
      "max": 45095.5,
      "mean": 26185.99810066477,
      "median": 25251.0
    },
    "lag_24": {
      "min": 15083.5,
      "max": 45095.5,
      "mean": 26207.264423076922,
      "median": 25259.75
    },
    "lag_168": {
      "min": 15083.5,
      "max": 45095.5,
      "mean": 26230.64322174739,
      "median": 25274.0
    },
    "roll_24_mean": {
      "min": 18079.333333333332,
      "max": 37184.604166666664,
      "mean": 26199.055426954736,
      "median": 25550.927083333336
    },
    "temp": {
      "min": -5.2,
      "max": 27.6,
      "mean": 10.559674738841405,
      "median": 10.5
    },
    "temp_lag_24": {
      "min": -5.2,
      "max": 27.6,
      "mean": 10.534235517568852,
      "median": 10.5
    },
    "humidity": {
      "min": 41.0,
      "max": 100.0,
      "mean": 81.91809116809117,
      "median": 85.0
    },
    "wind_speed": {
      "min": 0.4,
      "max": 49.5,
      "mean": 15.272459639126305,
      "median": 14.5
    },
    "solar_rad": {
      "min": 0.0,
      "max": 876.0,
      "mean": 117.45322886989554,
      "median": 7.0
    },
    "solar_rad_lag_24": {
      "min": 0.0,
      "max": 876.0,
      "mean": 117.48231244064577,
      "median": 7.0
    },
    "direct_rad": {
      "min": 0.0,
      "max": 774.0,
      "mean": 58.02635327635328,
      "median": 0.0
    },
    "carbon_intensity": {
      "min": 19.5,
      "max": 298.0,
      "mean": 124.46883903133903,
      "median": 115.75
    },
    "gen_gas": {
      "min": 2.0,
      "max": 73.35,
      "mean": 26.252427587844256,
      "median": 23.9
    },
    "gen_wind": {
      "min": 1.55,
      "max": 71.65,
      "mean": 31.10781101614435,
      "median": 29.3
    },
    "gen_solar": {
      "min": 0.0,
      "max": 40.9,
      "mean": 4.8009971509971505,
      "median": 0.25
    },
    "gen_nuclear": {
      "min": 4.949999999999999,
      "max": 52.45,
      "mean": 15.320762108262109,
      "median": 15.2
    }
  }
}