{
  "model": "xgb",
  "horizon_hours": 24,
  "mae": 223.34808708919377,
  "rmse": 288.17937812840364,
  "smape": 0.5923214645232806
}