{
  "model": "rf",
  "horizon_hours": 24,
  "mae": 219.515438990717,
  "rmse": 283.48736583502495,
  "smape": 0.5826234284344373
}